candidate_slot_id,target_priority,target_source_class,target_input_form,target_band,target_reason,source_url,domain,provenance_confidence,permission_posture,contamination_estimate,reviewer_initials,duplicate_flag,future_blind_candidate,quarantine_recommendation,status,notes
NSB-FS-001,p1,public_student_help_post,mixed_notes_draft,medium,seek a new real-human case that could later support blind assignment if accepted and kept unseen,https://old.reddit.com/r/CollegeEssays/comments/1stl6zf/what_should_my_essay_be_about_co_27/,old.reddit.com,probable_public_human,public_url_reference_only,medium,CP,duplicate,no,yes,duplicate_blocked,duplicate of existing 072 visible case RHC-026 in next-visible-medium-weak registry; not eligible for fresh future split intake
NSB-FS-002,p1,public_student_help_post,rough_notes,medium,seek a new real-human case with enough authored substance for honest later evaluation and potential blind assignment,https://old.reddit.com/r/CollegeEssays/comments/1ss0g2h/hii_can_someone_review_my_essay_please/,old.reddit.com,probable_public_human,public_url_reference_only,medium,CP,no,no,no,pending_metadata_review,real student-authored review request but no surfaced essay text or durable essay metadata; insufficient signal for acceptance this pass
NSB-FS-003,p1,public_student_help_post,fragment_cluster,weak,seek a rough but credible real-human case to broaden later visible coverage without consuming future blind candidates,https://old.reddit.com/r/ApplyingToCollege/comments/1su29oj/what_are_the_most_common_essay_topics/,old.reddit.com,probable_public_human,public_url_reference_only,medium,CP,no,no,no,pending_metadata_review,real student-authored topic question but too generic and low-signal for honest later evaluation; keep pending rather than accept
NSB-FS-004,p1,public_student_help_post,rough_notes,weak,seek a new low-contamination rough-notes case from a domain not already dominating the current split,https://old.reddit.com/r/CollegeEssays/comments/1srfcjb/need_guidance_with_writing_essays/,old.reddit.com,probable_public_human,public_url_reference_only,medium,CP,no,no,no,pending_metadata_review,real student-authored request but no prompt text or draft excerpt surfaced; metadata still incomplete for mainline acceptance
NSB-FS-005,p1,official_admissions_example,polished_example,strong,seek a previously unused provenance-strong case that could become fresh blind coverage later if never exposed to repair work,https://apply.jhu.edu/hopkins-insider/my-spotify-playlist/,apply.jhu.edu,verified_public_human,public_url_reference_only,low,CP,no,yes,no,accepted_future_split_candidate,verified public JHU essay page by Alyssa C. 27 with full essay and admissions comments; fresh strong provenance-backed blind-eligible intake
NSB-FS-006,p1,official_admissions_example,polished_example,strong,seek a second previously unused provenance-strong case from a different source cluster to reduce blind concentration risk,https://apply.jhu.edu/hopkins-insider/classical-reflections-in-herstory/,apply.jhu.edu,verified_public_human,public_url_reference_only,low,CP,no,yes,no,accepted_future_split_candidate,verified public JHU essay page by Maddie W. 27 with full essay and admissions comments; fresh strong provenance-backed blind-eligible intake
NSB-FS-007,p2,public_student_help_post,mixed_notes_draft,medium,seek another new medium case with real authored signal and low enough contamination for future split consideration,https://old.reddit.com/r/CollegeEssays/comments/1spsw44/what_should_i_write_my_college_essay_on/,old.reddit.com,probable_public_human,public_url_reference_only,medium,CP,duplicate,no,yes,duplicate_blocked,duplicate of existing 072 visible case RHC-030; not available as a fresh unseen intake candidate
NSB-FS-008,p2,public_student_help_post,mixed_notes_draft,medium,seek a new partial-draft case that remains permission-safe and non-duplicate,https://old.reddit.com/r/ApplyingToCollege/comments/1smxs3e/not_sure_about_making_my_personal_statement/,old.reddit.com,probable_public_human,public_url_reference_only,medium,CP,no,no,no,accepted_future_split_candidate,real student-authored personal-statement planning post with enough concrete essay framing to support later visible evaluation; accepted as fresh visible-side candidate only
NSB-FS-009,p2,public_student_help_post,fragment_cluster,weak,seek a domain-diverse weak case to keep later visible evaluation honest,https://old.reddit.com/r/CollegeEssays/comments/1snnlp9/college_essay_topic_high_risk_high_reward_or_play/,old.reddit.com,probable_public_human,public_url_reference_only,medium,CP,duplicate,no,yes,duplicate_blocked,duplicate of existing 072 visible case RHC-031; cannot count toward fresh future split inventory
NSB-FS-010,p2,public_student_help_post,rough_notes,weak,seek another previously unused real-human rough-notes case with enough specificity for later evaluation,https://old.reddit.com/r/CollegeEssays/comments/1sp7kvj/which_topic_is_the_best_to_write_for_commonapp/,old.reddit.com,probable_public_human,public_url_reference_only,medium,CP,duplicate,no,yes,duplicate_blocked,duplicate of existing 072 visible case RHC-027; cannot count toward fresh future split inventory
NSB-FS-011,p3,official_public_excerpt,fragment_cluster,weak,reserve quarantine-leaning slot for a real-human source that may be provenance-usable but too excerpted for fair mainline evaluation,https://apply.jhu.edu/hopkins-insider/tag/essays-that-worked-2027/,apply.jhu.edu,quarantine,public_excerpt_ok_internal_eval,medium,CP,no,no,yes,quarantine_research_only,official excerpt-tag archive only; useful for sourcing discovery but too excerpted to serve as a fair mainline case
NSB-FS-012,p3,public_student_help_post,mixed_notes_draft,weak,reserve contingency slot for a reviewed case that proves too contaminated for mainline visible-blind assignment but may inform sourcing boundaries,https://old.reddit.com/r/CollegeEssays/comments/1stsvi1/english_essay/,old.reddit.com,quarantine,unknown_quarantine,high_quarantine,CP,no,no,yes,quarantine_research_only,generic essay-help thread not college-specific and contaminated by tutor-spam responses; quarantine only
NSB-FS-013,p1,official_admissions_example,polished_example,strong,add a fresh provenance-strong official essay case that can remain blind-eligible and unseen by repair work,https://apply.jhu.edu/hopkins-insider/my-rock/,apply.jhu.edu,verified_public_human,public_url_reference_only,low,CP,no,yes,no,accepted_future_split_candidate,verified public JHU essay page by Kashvi G. 27 with full essay and admissions comments; fresh strong blind-eligible intake from unused 2027 cluster
NSB-FS-014,p1,official_admissions_example,polished_example,strong,add another fresh provenance-strong official essay case for future blind coverage without reusing exposed cohorts,https://apply.jhu.edu/hopkins-insider/tikkun-olam/,apply.jhu.edu,verified_public_human,public_url_reference_only,low,CP,no,yes,no,accepted_future_split_candidate,verified public JHU essay page by Julieta V. 27 with full essay and admissions comments; fresh strong blind-eligible intake from unused 2027 cluster
NSB-FS-015,p1,official_admissions_example,polished_example,strong,add another fresh provenance-strong official essay page to expand blind-eligible unseen inventory,https://apply.jhu.edu/hopkins-insider/pack-light-but-be-prepared/,apply.jhu.edu,verified_public_human,public_url_reference_only,low,CP,no,yes,no,accepted_future_split_candidate,verified public JHU essay page by Pablo D. 27 with full essay and admissions comments; fresh strong blind-eligible intake from unused 2027 cluster
NSB-FS-016,p1,official_admissions_example,polished_example,strong,add a fourth fresh provenance-strong official essay page to avoid forcing a tiny blind cohort,https://apply.jhu.edu/hopkins-insider/ordering-the-disorderly/,apply.jhu.edu,verified_public_human,public_url_reference_only,low,CP,no,yes,no,accepted_future_split_candidate,verified public JHU essay page by Ellie L. 27 with full essay and admissions comments; fresh strong blind-eligible intake from unused 2027 cluster
NSB-FS-017,p2,public_student_help_post,mixed_notes_draft,medium,add a fresh visible-side case with concrete identity and essay-engine signal,https://old.reddit.com/r/CollegeEssays/comments/1saupxn/personal_statement_help/,old.reddit.com,probable_public_human,public_url_reference_only,medium,CP,no,no,no,accepted_future_split_candidate,real student-authored identity and language brainstorm with enough concrete essay framing for later visible evaluation; contamination manageable but not blind-suitable
NSB-FS-018,p2,public_student_help_post,mixed_notes_draft,medium,add another fresh visible-side case with specific topic options and authored context,https://old.reddit.com/r/CollegeEssays/comments/1sgz5sm/are_these_decent_ideas_for_the_common_app/,old.reddit.com,probable_public_human,public_url_reference_only,medium,CP,no,no,no,accepted_future_split_candidate,real student-authored topic set connecting Nigerian heritage self-image and cosmetic chemistry; enough signal for visible intake only
NSB-FS-019,p2,public_student_help_post,mixed_notes_draft,medium,add a third fresh visible-side case with multi-option essay framing and durable authored specifics,https://old.reddit.com/r/CollegeEssays/comments/1s3w1jd/help_me_decide_on_a_college_essay_topic/,old.reddit.com,probable_public_human,public_url_reference_only,medium,CP,no,no,no,accepted_future_split_candidate,real student-authored four-topic brainstorm with journalism grief hair and buddy-bench angles; visible-side only due comment contamination and topic sensitivity
NSB-FS-020,p1,official_admissions_example,polished_example,strong,add a non-JHU official blind candidate with unusual-voice and identity signal from a different admissions archive family,https://www.conncoll.edu/admission/apply/essays-that-worked/riley-anderson-25/,www.conncoll.edu,verified_public_human,public_url_reference_only,low,CP,no,yes,no,accepted_future_split_candidate,official Connecticut College essay page for Riley Anderson '25 with full essay and school commentary; unused across 072 registries, specs, evaluation, evaluation_outputs, outputs, and docs in targeted searches; blind-eligible official case; authored-signal quality full polished essay; essay-engine unusual voice + belonging in sport + identity; leakage check no repo hits; accepted to reduce JHU concentration with a second official archive family
NSB-FS-021,p1,official_admissions_example,polished_example,strong,add a non-JHU official blind candidate with service-community signal from a different admissions archive family,https://www.conncoll.edu/admission/apply/essays-that-worked/elizabeth-madden-28/,www.conncoll.edu,verified_public_human,public_url_reference_only,low,CP,no,yes,no,accepted_future_split_candidate,official Connecticut College essay page for Elizabeth Madden '28 with full essay and school commentary; unused across 072 registries, specs, evaluation, evaluation_outputs, outputs, and docs in targeted searches; blind-eligible official case; authored-signal quality full polished essay; essay-engine service/community + environmental stewardship; leakage check no repo hits; accepted to fill a non-growth-first blind engine gap without adding more JHU cases
NSB-FS-022,p1,official_admissions_example,polished_example,strong,add a non-JHU official blind candidate with intellectual-academic identity signal from a second school family,https://admissions.tufts.edu/blogs/inside-admissions/post/essays-that-worked/,admissions.tufts.edu,verified_public_human,public_url_reference_only,low,CP,no,yes,no,accepted_future_split_candidate,official Tufts admissions essay collection page with full named student essays; accepted using on-page case Ray Parker '19; unused across 072 registries, specs, evaluation, evaluation_outputs, outputs, and docs in targeted searches; blind-eligible official case; authored-signal quality full polished essay; essay-engine intellectual/academic identity + maker STEM texture; leakage check no repo hits; accepted to add a second non-JHU school family and fill the intellectual blind gap
NSB-FS-023,p2,public_student_help_post,partial_draft,medium,add a stronger visible-side case with messy authored signal from a non-Reddit public forum,https://essayforum.com/undergraduate/provide-information-yourself-feel-help-college-92696/,essayforum.com,probable_public_human,public_url_reference_only,medium,CP,no,no,no,accepted_future_split_candidate,public EssayForum student post with substantive partial draft about poor academics, time off, garden-center work, horticulture reading, workshops, and community impact goals; unused across 072 registries, specs, evaluation, evaluation_outputs, outputs, and docs in targeted searches; visible-only due public feedback contamination; authored-signal quality strong messy partial draft; essay-engine academic recovery + vocational identity + community/horticulture; leakage check no repo hits; accepted to strengthen the visible bucket beyond topic brainstorming and diversify beyond Reddit
NSB-FS-024,p2,public_student_help_post,partial_draft,medium,add a second stronger visible-side case with messy authored signal from a non-Reddit public forum,https://essayforum.com/undergraduate/challenging-transition-college-statement-63762/,essayforum.com,probable_public_human,public_url_reference_only,medium,CP,no,no,no,accepted_future_split_candidate,public EssayForum student post with near-full draft about science interest, relocation, open-mindedness, travel, work, and responsibility; unused across 072 registries, specs, evaluation, evaluation_outputs, outputs, and docs in targeted searches; visible-only due public feedback contamination; authored-signal quality strong messy near-full draft; essay-engine intellectual/academic identity + cross-cultural transition + responsibility; leakage check no repo hits; accepted to add stronger-authored visible material from a non-Reddit source family